,0
0,-8.2000246e-05
1,4.0839375e-05
2,9.2041206e-05
3,1.5269661e-05
4,1.2317196e-06
5,-1.1561616e-05
6,-1.8818317e-05
7,-2.4544863e-05
8,-2.8840963e-05
9,-3.2332642e-05
10,-3.5203717e-05
11,-3.763053e-05
12,-3.9715498e-05
13,-7.223941e-05
14,-5.5930654e-05
15,-5.6069697e-05
16,-5.5123528e-05
17,-5.5305296e-05
18,-8.6225125e-05
19,-6.8688045e-05
20,-6.780427e-05
21,-6.600688e-05
22,-6.546224e-05
23,-6.504782e-05
24,-9.558308e-05
25,-7.759495e-05
26,-7.631168e-05
27,-7.413582e-05
28,-4.2537056e-05
29,-9.042084e-05
30,-7.333005e-05
31,-7.392217e-05
32,-0.00010313211
33,-8.491134e-05
34,-8.324621e-05
35,-8.0824146e-05
36,-7.9694844e-05
37,-7.875613e-05
38,-0.0001088071
39,-9.0374044e-05
40,-8.867839e-05
41,-8.611796e-05
42,-8.4872e-05
43,-8.3805775e-05
44,-8.302645e-05
45,-8.23855e-05
46,-0.00011257213
47,-9.422316e-05
48,-9.256414e-05
49,-9.001795e-05
50,-8.876453e-05
51,-8.7678636e-05
52,-8.6873544e-05
53,-8.619867e-05
54,-0.000116348674
55,-9.796037e-05
56,-9.626066e-05
57,-9.367173e-05
58,-9.237694e-05
59,-9.124899e-05
60,-9.039913e-05
61,-8.968289e-05
62,-8.908127e-05
63,-8.856037e-05
64,-0.000118814154
65,-0.00010050181
66,-9.8856355e-05
67,-9.6306096e-05
68,-9.5037074e-05
69,-9.392541e-05
70,-9.3088434e-05
71,-9.237626e-05
72,-9.177668e-05
73,-9.125307e-05
74,-9.079117e-05
75,-9.03815e-05
76,-9.001049e-05
77,-8.9674075e-05
78,-8.9366826e-05
79,-0.000119793556
80,-0.00010162298
81,-0.000100096215
82,-9.764634e-05
83,-9.64621e-05
84,-9.542436e-05
85,-9.4647075e-05
86,-9.3990515e-05
87,-9.343571e-05
88,-9.295143e-05
89,-9.25248e-05
90,-9.2143615e-05
91,-9.179907e-05
92,-9.148367e-05
93,-9.119609e-05
94,-9.092886e-05
95,-9.068197e-05
96,-9.045136e-05
97,-9.023635e-05
98,-9.003152e-05
99,-8.9842964e-05
100,-8.966119e-05
101,-8.949162e-05
102,-8.932952e-05
103,-8.917623e-05
104,-8.902973e-05
105,-8.889e-05
106,-8.8757064e-05
107,-8.862955e-05
108,-8.850679e-05
109,-8.8389446e-05
110,-8.827754e-05
111,-8.816902e-05
112,-8.806592e-05
113,-8.7965534e-05
114,-8.786923e-05
115,-8.77763e-05
116,-8.768542e-05
117,-8.759928e-05
118,-8.7515175e-05
119,-8.7433786e-05
120,-8.735578e-05
121,-8.7278466e-05
122,-8.720589e-05
123,-8.713332e-05
124,-8.706414e-05
125,-8.6996304e-05
126,-8.6930515e-05
127,-8.686744e-05
128,-8.680436e-05
129,-8.6743996e-05
130,-8.6685664e-05
131,-8.662733e-05
132,-8.6571716e-05
133,-8.651745e-05
134,-8.6464555e-05
135,-8.641232e-05
136,-8.636213e-05
137,-8.6313295e-05
138,-8.626447e-05
139,-8.621698e-05
140,-8.6171545e-05
141,-0.00011683499
142,-9.888349e-05
143,-9.7556134e-05
144,-9.528871e-05
145,-9.4274714e-05
146,-9.339298e-05
147,-9.276219e-05
148,-9.224061e-05
149,-9.181263e-05
150,-9.144772e-05
151,-9.113233e-05
152,-9.085561e-05
153,-9.0608046e-05
154,-9.038557e-05
155,-9.018413e-05
156,-8.999896e-05
157,-8.983008e-05
158,-8.967204e-05
159,-8.952622e-05
160,-8.938921e-05
161,-8.926101e-05
162,-8.9139605e-05
163,-8.902566e-05
164,-8.891781e-05
165,-8.8813365e-05
166,-8.871705e-05
167,-8.862413e-05
168,-8.85346e-05
169,-8.844846e-05
170,-8.836639e-05
171,-8.828704e-05
172,-8.821107e-05
173,-8.81385e-05
174,-8.8068635e-05
175,-8.799877e-05
176,-8.793434e-05
177,-8.78699e-05
178,-8.780818e-05
179,-8.77485e-05
180,-8.7689485e-05
181,-8.763387e-05
182,-8.757826e-05
183,-8.752467e-05
184,-8.747244e-05
185,-8.742225e-05
186,-8.7372064e-05
187,-8.7325265e-05
188,-8.7278466e-05
189,-8.723166e-05
190,-8.71869e-05
191,-8.714281e-05
192,-8.710008e-05
193,-8.705871e-05
194,-8.701733e-05
195,-8.6977314e-05
196,-8.693797e-05
197,-8.689999e-05
198,-8.686201e-05
199,-8.682471e-05
200,-8.6789434e-05
201,-8.675349e-05
202,-5.6009336e-05
203,-7.388419e-05
204,-7.51349e-05
205,-7.732636e-05
206,-7.826778e-05
207,-7.907627e-05
208,-7.963583e-05
209,-8.008891e-05
210,-8.0448386e-05
211,-8.074546e-05
212,-8.0997095e-05
213,-8.120872e-05
214,-8.13932e-05
215,-8.155395e-05
216,-8.169503e-05
217,-8.181847e-05
218,-8.1929706e-05
219,-8.2029415e-05
220,-8.2117585e-05
221,-8.2198974e-05
222,-8.227155e-05
223,-8.234005e-05
224,-8.239906e-05
225,-8.245536e-05
226,-8.25069e-05
227,-8.255438e-05
228,-8.259779e-05
229,-8.263645e-05
230,-8.2674436e-05
231,-8.270835e-05
232,-8.273955e-05
233,-8.276871e-05
234,-0.00011350609
235,-9.5623094e-05
236,-9.436221e-05
237,-9.215922e-05
238,-9.1206944e-05
239,-9.038489e-05
240,-8.9811765e-05
241,-8.93458e-05
242,-8.8970715e-05
243,-8.8658046e-05
244,-8.839353e-05
245,-8.816359e-05
246,-8.7963504e-05
247,-8.778716e-05
248,-8.762912e-05
249,-8.748669e-05
250,-8.7359855e-05
251,-8.724319e-05
252,-8.713603e-05
253,-8.703768e-05
254,-8.694679e-05
255,-8.686133e-05
256,-8.678334e-05
257,-8.670872e-05
258,-8.663954e-05
259,-8.657443e-05
260,-8.651271e-05
261,-8.645506e-05
262,-8.6399436e-05
263,-8.634789e-05
264,-8.62977e-05
265,-8.625023e-05
266,-8.62041e-05
267,-8.6161366e-05
268,-8.611932e-05
269,-8.607929e-05
270,-8.604064e-05
271,-8.600401e-05
272,-8.596739e-05
273,-8.593415e-05
274,-8.590024e-05
275,-8.586836e-05
276,-8.583716e-05
277,-8.580664e-05
278,-8.5778825e-05
279,-8.574899e-05
280,-8.572253e-05
281,-8.569608e-05
282,-8.567099e-05
283,-8.564454e-05
284,-8.562012e-05
285,-8.559638e-05
286,-8.557264e-05
287,-8.555025e-05
288,-8.552787e-05
289,-8.550617e-05
290,-8.5485146e-05
291,-5.475591e-05
292,-7.264365e-05
293,-7.390861e-05
294,-7.611431e-05
295,-7.706929e-05
296,-7.7891345e-05
297,-7.846516e-05
298,-7.8929086e-05
299,-7.930281e-05
300,-7.961277e-05
301,-7.987526e-05
302,-8.010044e-05
303,-8.029713e-05
304,-8.046873e-05
305,-8.062202e-05
306,-8.075767e-05
307,-8.088112e-05
308,-8.0991e-05
309,-8.109138e-05
310,-8.11843e-05
311,-8.12684e-05
312,-8.134572e-05
313,-8.141762e-05
314,-8.148409e-05
315,-8.154581e-05
316,-8.1602106e-05
317,-8.1655686e-05
318,-8.170656e-05
319,-8.175336e-05
320,-8.179744e-05
321,-8.18395e-05
322,-8.1878155e-05
323,-8.191478e-05
324,-8.195005e-05
325,-8.198193e-05
326,-8.201449e-05
327,-8.2043654e-05
328,-8.207146e-05
329,-8.2098595e-05
330,-8.212437e-05
331,-8.2148785e-05
332,-8.2171166e-05
333,-8.219355e-05
334,-8.221526e-05
335,-8.22356e-05
336,-0.00011296415
337,-9.507438e-05
338,-9.380739e-05
339,-9.159898e-05
340,-9.064263e-05
341,-8.981719e-05
342,-8.92427e-05
343,-8.877335e-05
344,-8.8397595e-05
345,-8.808288e-05
346,-8.7817e-05
347,-8.758775e-05
348,-8.738902e-05
349,-8.721199e-05
350,-8.705531e-05
351,-8.6914915e-05
352,-8.678808e-05
353,-8.66721e-05
354,-8.656765e-05
355,-8.647133e-05
356,-8.6381806e-05
357,-8.629973e-05
358,-8.622309e-05
359,-8.6151194e-05
360,-8.6085405e-05
361,-8.602368e-05
362,-8.596467e-05
363,-8.5909734e-05
364,-8.5858184e-05
365,-8.580935e-05
366,-8.576323e-05
367,-8.5718464e-05
368,-8.5676416e-05
369,-8.563639e-05
370,-8.559909e-05
371,-8.556178e-05
372,-8.5527194e-05
373,-8.549464e-05
374,-8.5461405e-05
375,-8.543156e-05
376,-8.540307e-05
377,-8.5373904e-05
378,-8.5347456e-05
379,-5.461144e-05
380,-7.249511e-05
381,-7.375464e-05
382,-7.5956275e-05
383,-7.690719e-05
384,-7.772653e-05
385,-7.829559e-05
386,-7.875884e-05
387,-7.9127814e-05
388,-7.9436424e-05
389,-7.969755e-05
390,-7.99207e-05
391,-8.0115366e-05
392,-8.0286285e-05
393,-8.0436854e-05
394,-8.057183e-05
395,-8.069324e-05
396,-8.0803795e-05
397,-8.090418e-05
398,-8.099574e-05
399,-8.107917e-05
400,-8.1157166e-05
401,-8.122771e-05
402,-8.1293496e-05
403,-8.135522e-05
404,-8.141287e-05
405,-8.146645e-05
406,-5.080776e-05
407,-6.8764006e-05
408,-0.00010080093
409,-8.516025e-05
410,-8.4888954e-05
411,-8.354261e-05
412,-8.319466e-05
413,-8.2871135e-05
414,-8.2702245e-05
415,-8.257812e-05
416,-8.2496736e-05
417,-8.2438404e-05
418,-8.2397026e-05
419,-8.236854e-05
420,-8.23482e-05
421,-8.233598e-05
422,-8.232716e-05
423,-8.232174e-05
424,-8.232039e-05
425,-8.232039e-05
426,-8.2323095e-05
427,-8.232581e-05
428,-8.233055e-05
429,-8.233598e-05
430,-8.234277e-05
431,-8.23482e-05
432,-8.2355655e-05
433,-8.2362436e-05
434,-8.236922e-05
435,-8.237736e-05
436,-8.238414e-05
437,-0.00011310117
438,-9.5200536e-05
439,-9.3922696e-05
440,-9.170614e-05
441,-9.0739624e-05
442,-8.990672e-05
443,-8.932342e-05
444,-8.884728e-05
445,-8.8464745e-05
446,-8.814392e-05
447,-8.787194e-05
448,-8.763726e-05
449,-8.7432425e-05
450,-8.724998e-05
451,-8.7090586e-05
452,-8.6944085e-05
453,-8.681385e-05
454,-8.669516e-05
455,-8.658596e-05
456,-8.6485576e-05
457,-8.639333e-05
458,-8.630787e-05
459,-8.622919e-05
460,-8.615459e-05
461,-8.608608e-05
462,-8.602097e-05
463,-8.59606e-05
464,-8.590363e-05
465,-8.585005e-05
466,-8.57985e-05
467,-8.575034e-05
468,-8.570422e-05
469,-8.566081e-05
470,-8.561944e-05
471,-8.55801e-05
472,-8.554212e-05
473,-8.550617e-05
474,-8.547226e-05
475,-8.54397e-05
476,-8.540782e-05
477,-8.5378655e-05
478,-8.5348816e-05
479,-8.532033e-05
480,-8.529455e-05
481,-8.5268104e-05
482,-5.4532764e-05
483,-7.2417795e-05
484,-7.3678675e-05
485,-7.588166e-05
486,-7.683394e-05
487,-7.7653276e-05
488,-7.82237e-05
489,-7.8687626e-05
490,-7.905796e-05
491,-7.9367244e-05
492,-7.962837e-05
493,-7.985288e-05
494,-8.0046855e-05
495,-8.0219135e-05
496,-8.037175e-05
497,-8.050604e-05
498,-8.0629485e-05
499,-8.074071e-05
500,-8.08411e-05
501,-8.093267e-05
502,-8.1017446e-05
503,-8.109545e-05
504,-8.1167345e-05
505,-8.123381e-05
506,-8.129622e-05
507,-8.135522e-05
508,-8.1407445e-05
509,-8.146035e-05
510,-8.150715e-05
511,-8.155259e-05
512,-8.159465e-05
513,-8.163534e-05
514,-8.1672646e-05
515,-8.170927e-05
516,-8.174251e-05
517,-8.177642e-05
518,-8.180694e-05
519,-8.1836784e-05
520,-8.186527e-05
521,-8.18924e-05
522,-8.19175e-05
523,-8.194259e-05
524,-8.196497e-05
525,-8.1988714e-05
526,-0.000112720656
527,-9.4831565e-05
528,-9.356796e-05
529,-9.136294e-05
530,-9.040727e-05
531,-8.958522e-05
532,-8.901142e-05
533,-8.854477e-05
534,-8.817241e-05
535,-8.785906e-05
536,-8.759521e-05
537,-8.7368e-05
538,-8.7170614e-05
539,-8.699563e-05
540,-8.684166e-05
541,-8.6703294e-05
542,-8.657782e-05
543,-8.646387e-05
544,-8.636213e-05
545,-8.626582e-05
546,-8.618036e-05
547,-8.610033e-05
548,-8.602572e-05
549,-8.595653e-05
550,-8.589142e-05
551,-8.583173e-05
552,-8.577408e-05
553,-8.5721855e-05
554,-8.567099e-05
555,-8.5623506e-05
556,-8.5578744e-05
557,-8.553669e-05
558,-8.549668e-05
559,-8.5459375e-05
560,-8.542206e-05
561,-8.538747e-05
562,-8.535491e-05
563,-8.532236e-05
564,-8.529319e-05
565,-8.5264706e-05
566,-8.5235544e-05
567,-8.520977e-05
568,-8.518467e-05
569,-8.5159576e-05
570,-8.5135835e-05
571,-8.511278e-05
572,-8.509107e-05
573,-8.506937e-05
574,-8.50497e-05
575,-8.502935e-05
576,-8.501036e-05
577,-8.4992054e-05
578,-8.497577e-05
579,-8.495746e-05
580,-8.49405e-05
581,-8.4923544e-05
582,-8.490862e-05
583,-8.489302e-05
584,-8.487742e-05
585,-8.486386e-05
586,-8.484962e-05
587,-8.4835374e-05
588,-8.4823165e-05
589,-8.480892e-05
590,-8.479739e-05
591,-8.47845e-05
592,-8.4772975e-05
593,-8.476144e-05
594,-8.474856e-05
595,-5.4029493e-05
596,-7.1926734e-05
597,-7.32005e-05
598,-7.54157e-05
599,-7.637883e-05
600,-7.7208344e-05
601,-7.779164e-05
602,-7.826439e-05
603,-7.864557e-05
604,-7.8963676e-05
605,-7.9234305e-05
606,-7.946762e-05
607,-7.96711e-05
608,-7.985016e-05
609,-0.00011071844
610,-9.295414e-05
611,-9.1798385e-05
612,-8.969171e-05
613,-8.88249e-05
614,-8.8084234e-05
615,-8.7583685e-05
616,-8.7184184e-05
617,-8.687287e-05
618,-8.6617154e-05
619,-8.640554e-05
620,-8.622784e-05
621,-8.6075226e-05
622,-8.594365e-05
623,-8.582766e-05
624,-8.57266e-05
625,-8.563572e-05
626,-8.555636e-05
627,-8.548311e-05
628,-8.541731e-05
629,-8.5357635e-05
630,-8.530202e-05
631,-8.525182e-05
632,-8.520638e-05
633,-8.5162974e-05
634,-8.512431e-05
635,-8.508769e-05
636,-8.5052416e-05
637,-8.502054e-05
638,-8.499002e-05
639,-8.496221e-05
640,-8.4935076e-05
641,-8.491134e-05
642,-8.48876e-05
643,-8.486386e-05
644,-8.484351e-05
645,-0.00011553205
646,-9.7604294e-05
647,-9.630135e-05
648,-9.405835e-05
649,-9.306877e-05
650,-9.2210765e-05
651,-9.160508e-05
652,-9.110724e-05
653,-9.070232e-05
654,-5.9652266e-05
655,-7.7268705e-05
656,-7.8298304e-05
657,-8.0298494e-05
658,-8.107239e-05
659,-8.1733015e-05
660,-8.2162354e-05
661,-8.2497405e-05
662,-8.275108e-05
663,-8.2953884e-05
664,-8.311734e-05
665,-8.325163e-05
666,-8.336355e-05
667,-8.3457824e-05
668,-8.353718e-05
669,-8.3605686e-05
670,-8.366537e-05
671,-8.3716244e-05
672,-8.3761006e-05
673,-8.3801024e-05
674,-8.383561e-05
675,-8.3866136e-05
676,-8.389259e-05
677,-8.391769e-05
678,-8.3938714e-05
679,-8.395838e-05
680,-8.397602e-05
681,-8.399094e-05
682,-8.400518e-05
683,-8.401875e-05
684,-8.40296e-05
685,-5.3332238e-05
686,-7.124915e-05
687,-7.2541916e-05
688,-7.47761e-05
689,-7.5754826e-05
690,-7.660333e-05
691,-7.719885e-05
692,-7.768855e-05
693,-7.8082616e-05
694,-7.841497e-05
695,-7.869712e-05
696,-7.894333e-05
697,-7.915834e-05
698,-7.934892e-05
699,-7.951985e-05
700,-7.967381e-05
701,-7.981354e-05
702,-7.994105e-05
703,-8.0057034e-05
704,-8.016487e-05
705,-8.02639e-05
706,-8.0356825e-05
707,-8.0442966e-05
708,-0.00011123188
709,-9.339908e-05
710,-9.218499e-05
711,-9.0027446e-05
712,-8.911655e-05
713,-8.833451e-05
714,-8.780004e-05
715,-8.737003e-05
716,-8.70309e-05
717,-8.675213e-05
718,-8.651881e-05
719,-8.6320084e-05
720,-8.615051e-05
721,-8.6002656e-05
722,-8.587379e-05
723,-8.5759166e-05
724,-8.565674e-05
725,-8.556586e-05
726,-8.548311e-05
727,-8.540782e-05
728,-8.5340675e-05
729,-8.527895e-05
730,-8.5223335e-05
731,-8.516975e-05
732,-8.5121595e-05
733,-8.5076834e-05
734,-8.503546e-05
735,-8.499815e-05
736,-8.4961524e-05
737,-0.0001156365
738,-9.769721e-05
739,-9.638274e-05
740,-9.4129566e-05
741,-9.3129805e-05
742,-9.226435e-05
743,-9.165052e-05
744,-9.114522e-05
745,-9.073352e-05
746,-9.038557e-05
747,-9.008849e-05
748,-8.982804e-05
749,-5.8889902e-05
750,-7.659384e-05
751,-7.769398e-05
752,-7.9753176e-05
753,-8.05759e-05
754,-8.127654e-05
755,-8.173979e-05
756,-8.210334e-05
757,-8.2383456e-05
758,-8.260796e-05
759,-8.27911e-05
760,-8.294303e-05
761,-8.306986e-05
762,-8.317771e-05
763,-8.326927e-05
764,-8.334998e-05
765,-8.341848e-05
766,-8.3480205e-05
767,-8.353243e-05
768,-8.357923e-05
769,-8.3621286e-05
770,-8.365859e-05
771,-8.3691826e-05
772,-8.37237e-05
773,-8.375015e-05
774,-8.377457e-05
775,-8.379628e-05
776,-8.38173e-05
777,-8.383494e-05
778,-8.385054e-05
779,-5.315725e-05
780,-7.107959e-05
781,-7.237709e-05
782,-7.461332e-05
783,-7.559815e-05
784,-7.644869e-05
785,-7.7048266e-05
786,-7.754069e-05
787,-7.793747e-05
788,-7.827321e-05
789,-7.8558754e-05
790,-7.880632e-05
791,-7.90254e-05
792,-7.9217345e-05
793,-7.9390986e-05
794,-7.954766e-05
795,-7.968873e-05
796,-7.9817604e-05
797,-7.993766e-05
798,-8.00455e-05
799,-8.014792e-05
800,-8.024084e-05
801,-8.032969e-05
802,-8.041108e-05
803,-8.048773e-05
804,-8.056098e-05
805,-8.0629485e-05
806,-0.0001114028
807,-9.35544e-05
808,-9.232878e-05
809,-9.015767e-05
810,-8.92366e-05
811,-8.844575e-05
812,-8.790178e-05
813,-8.746431e-05
814,-8.711704e-05
815,-8.683149e-05
816,-8.659138e-05
817,-8.638858e-05
818,-8.621223e-05
819,-8.6059634e-05
820,-8.5925334e-05
821,-8.580664e-05
822,-8.5700834e-05
823,-8.560655e-05
824,-8.5519736e-05
825,-8.544309e-05
826,-8.53712e-05
827,-8.530676e-05
828,-8.524843e-05
829,-8.519349e-05
830,-8.514262e-05
831,-8.5095824e-05
832,-8.5052416e-05
833,-8.501172e-05
834,-8.497441e-05
835,-8.493914e-05
836,-8.490523e-05
837,-8.487471e-05
838,-8.4845546e-05
839,-8.481841e-05
840,-8.479129e-05
841,-8.476755e-05
842,-8.474449e-05
843,-8.47221e-05
844,-8.4701074e-05
845,-8.468141e-05
846,-8.466242e-05
847,-8.464478e-05
848,-8.4628504e-05
849,-8.461087e-05
850,-8.459527e-05
851,-8.4580344e-05
852,-8.45661e-05
853,-8.455322e-05
854,-8.453897e-05
855,-8.452812e-05
856,-8.451388e-05
857,-8.450302e-05
858,-8.4492174e-05
859,-8.4482e-05
860,-8.447115e-05
861,-8.446165e-05
862,-8.445147e-05
863,-8.444266e-05
864,-8.4433166e-05
865,-8.4425024e-05
866,-8.441553e-05
867,-8.440739e-05
868,-8.439993e-05
869,-8.439179e-05
870,-8.438501e-05
871,-8.437755e-05
872,-8.436941e-05
873,-8.436399e-05
874,-5.364831e-05
875,-7.155098e-05
876,-7.2828145e-05
877,-7.504876e-05
878,-7.601461e-05
879,-7.685022e-05
880,-7.7436234e-05
881,-7.791373e-05
882,-7.8298304e-05
883,-7.862183e-05
884,-7.889517e-05
885,-7.9132566e-05
886,-7.933943e-05
887,-7.9522564e-05
888,-7.9686026e-05
889,-7.9833204e-05
890,-7.99675e-05
891,-8.008755e-05
892,-8.019947e-05
893,-8.030053e-05
894,-8.039617e-05
895,-8.0482976e-05
896,-8.056505e-05
897,-8.063966e-05
898,-0.00011142112
899,-9.357882e-05
900,-9.235795e-05
901,-9.019091e-05
902,-8.9273904e-05
903,-8.8485765e-05
904,-8.794519e-05
905,-8.750907e-05
906,-8.7165194e-05
907,-8.6881e-05
908,-8.664157e-05
909,-8.644081e-05
910,-8.62665e-05
911,-8.611457e-05
912,-8.598095e-05
913,-8.586226e-05
914,-8.575713e-05
915,-8.566217e-05
916,-8.557739e-05
917,-8.5499385e-05
918,-8.542885e-05
919,-8.536441e-05
920,-8.5304724e-05
921,-8.525046e-05
922,-8.5199594e-05
923,-8.515348e-05
924,-8.511007e-05
925,-8.506869e-05
926,-8.503139e-05
927,-8.499476e-05
928,-8.4961524e-05
929,-8.4931e-05
930,-8.490116e-05
931,-8.4873354e-05
932,-8.48469e-05
933,-8.4821804e-05
934,-8.479806e-05
935,-8.477568e-05
936,-8.475466e-05
937,-8.4733634e-05
938,-8.471396e-05
939,-8.4695654e-05
940,-8.467869e-05
941,-8.466242e-05
942,-8.464546e-05
943,-8.462986e-05
944,-8.4614934e-05
945,-8.4602056e-05
946,-8.458781e-05
947,-8.45756e-05
948,-8.456203e-05
949,-8.45505e-05
950,-8.453897e-05
951,-8.452744e-05
952,-8.4516585e-05
953,-8.450709e-05
954,-8.4495565e-05
955,-8.4486746e-05
956,-8.4476575e-05
957,-8.4467756e-05
958,-8.445894e-05
959,-8.4450796e-05
960,-8.444266e-05
961,-8.443384e-05
962,-8.4427054e-05
963,-8.441892e-05
964,-8.441146e-05
965,-8.4404e-05
966,-8.439789e-05
967,-8.4390434e-05
968,-8.438433e-05
969,-8.437755e-05
970,-8.4371444e-05
971,-8.436533e-05
972,-8.4359235e-05
973,-8.435381e-05
974,-8.434838e-05
975,-8.434295e-05
976,-8.433685e-05
977,-8.43321e-05
978,-8.432735e-05
979,-8.4321924e-05
980,-8.431786e-05
981,-8.431243e-05
982,-8.430904e-05
983,-8.4304294e-05
984,-8.429954e-05
985,-8.4295476e-05
986,-8.429073e-05
987,-8.428734e-05
988,-8.428259e-05
989,-8.4278516e-05
990,-8.427445e-05
991,-8.427038e-05
992,-8.426699e-05
993,-8.42636e-05
994,-8.4259525e-05
995,-8.4256135e-05
996,-8.425207e-05
997,-8.4249354e-05
998,-8.424596e-05
999,-8.424257e-05
1000,-8.4240535e-05
1001,-8.4235115e-05
1002,-8.423308e-05
1003,-8.422969e-05
1004,-8.422697e-05
1005,-8.422426e-05
1006,-8.4221545e-05
1007,-8.421883e-05
1008,-8.4216794e-05
1009,-8.421273e-05
1010,-8.421002e-05
1011,-8.4207975e-05
1012,-8.420527e-05
1013,-8.420188e-05
1014,-8.420052e-05
1015,-8.41978e-05
1016,-0.00011490466
1017,-9.699318e-05
1018,-9.570584e-05
1019,-9.347979e-05
1020,-9.2503775e-05
1021,-9.1660026e-05
1022,-9.106722e-05
1023,-9.058158e-05
1024,-9.019023e-05
1025,-8.9859925e-05
1026,-8.957912e-05
1027,-8.933495e-05
1028,-8.91213e-05
1029,-8.8929344e-05
1030,-8.876114e-05
1031,-8.860717e-05
1032,-8.846745e-05
1033,-8.834062e-05
1034,-8.8222594e-05
1035,-8.8116794e-05
1036,-8.801573e-05
1037,-8.792281e-05
1038,-8.783599e-05
1039,-8.775392e-05
1040,-8.767796e-05
1041,-8.760674e-05
1042,-8.7538916e-05
1043,-8.747448e-05
1044,-8.741276e-05
1045,-8.7356464e-05
1046,-8.730017e-05
1047,-8.724862e-05
1048,-8.719842e-05
1049,-8.715095e-05
1050,-5.6395264e-05
1051,-7.426063e-05
1052,-7.550252e-05
1053,-7.7687866e-05
1054,-7.862183e-05
1055,-7.942557e-05
1056,-7.998039e-05
1057,-8.042872e-05
1058,-8.078548e-05
1059,-8.108053e-05
1060,-8.132809e-05
1061,-8.153971e-05
1062,-8.1722836e-05
1063,-8.188223e-05
1064,-8.202263e-05
1065,-8.214811e-05
1066,-8.2258666e-05
1067,-8.235972e-05
1068,-8.244925e-05
1069,-8.253132e-05
1070,-8.260729e-05
1071,-8.267579e-05
1072,-8.273751e-05
1073,-8.279653e-05
1074,-8.284943e-05
1075,-8.289962e-05
1076,-8.2945735e-05
1077,-8.298914e-05
1078,-8.302917e-05
1079,-8.306579e-05
1080,-8.310106e-05
1081,-8.31343e-05
1082,-8.31655e-05
1083,-8.319466e-05
1084,-8.322179e-05
1085,-8.324825e-05
1086,-8.3272666e-05
1087,-8.32964e-05
1088,-8.3318104e-05
1089,-8.333981e-05
1090,-8.3359475e-05
1091,-8.3377796e-05
1092,-8.33961e-05
1093,-8.341306e-05
1094,-8.342934e-05
1095,-8.3445615e-05
1096,-8.346054e-05
1097,-8.347478e-05
1098,-8.348835e-05
1099,-8.350192e-05
1100,-8.351344e-05
1101,-8.352769e-05
1102,-8.353718e-05
1103,-8.354939e-05
1104,-8.3559564e-05
1105,-8.3569736e-05
1106,-8.357923e-05
1107,-0.00011429897
1108,-9.639834e-05
1109,-9.512254e-05
1110,-9.290666e-05
1111,-9.19415e-05
1112,-9.1108595e-05
1113,-9.052597e-05
1114,-9.004916e-05
1115,-8.966662e-05
1116,-8.934512e-05
1117,-8.9073816e-05
1118,-8.883643e-05
1119,-8.863227e-05
1120,-8.844982e-05
1121,-8.828704e-05
1122,-8.814188e-05
1123,-8.800963e-05
1124,-8.789025e-05
1125,-8.7780376e-05
1126,-8.7678636e-05
1127,-8.758503e-05
1128,-8.74989e-05
1129,-8.741818e-05
1130,-8.7342894e-05
1131,-8.727304e-05
1132,-8.720725e-05
1133,-8.7144166e-05
1134,-8.7087195e-05
1135,-8.70309e-05
1136,-8.6979344e-05
1137,-8.6930515e-05
1138,-8.688236e-05
1139,-8.6837594e-05
1140,-8.679486e-05
1141,-8.6752814e-05
1142,-8.671483e-05
1143,-8.6676846e-05
1144,-8.664157e-05
1145,-8.660699e-05
1146,-8.657375e-05
1147,-8.6542546e-05
1148,-8.6511354e-05
1149,-8.648287e-05
1150,-8.645302e-05
1151,-8.642657e-05
1152,-8.640012e-05
1153,-8.637502e-05
1154,-8.63506e-05
1155,-8.632619e-05
1156,-8.6303124e-05
1157,-5.5571178e-05
1158,-7.345824e-05
1159,-7.472116e-05
1160,-7.6925506e-05
1161,-7.787914e-05
1162,-7.870119e-05
1163,-7.927296e-05
1164,-7.973757e-05
1165,-8.010994e-05
1166,-8.042058e-05
1167,-8.068171e-05
1168,-8.090825e-05
1169,-8.1103586e-05
1170,-8.1275866e-05
1171,-8.142915e-05
1172,-8.156616e-05
1173,-8.168756e-05
1174,-8.179948e-05
1175,-8.190054e-05
1176,-8.199278e-05
1177,-8.2078244e-05
1178,-8.215624e-05
1179,-8.222882e-05
1180,-8.2295286e-05
1181,-8.235769e-05
1182,-8.241602e-05
1183,-8.2469596e-05
1184,-8.252182e-05
1185,-8.2569306e-05
1186,-8.261475e-05
1187,-8.265612e-05
1188,-8.269614e-05
1189,-8.273412e-05
1190,-8.277075e-05
1191,-8.2803985e-05
1192,-8.28379e-05
1193,-8.286706e-05
1194,-8.289826e-05
1195,-8.292607e-05
1196,-0.00011366073
1197,-9.577909e-05
1198,-9.451753e-05
1199,-9.2317256e-05
1200,-9.136498e-05
1201,-9.0546324e-05
1202,-8.9975896e-05
1203,-8.951265e-05
1204,-8.914232e-05
1205,-8.883303e-05
1206,-8.857122e-05
1207,-8.834604e-05
1208,-8.81507e-05
1209,-8.797911e-05
1210,-8.782582e-05
1211,-8.769017e-05
1212,-8.756604e-05
1213,-8.745481e-05
1214,-8.735307e-05
1215,-8.7259476e-05
1216,-8.717469e-05
1217,-8.709533e-05
1218,-8.7021406e-05
1219,-8.695426e-05
1220,-8.688982e-05
1221,-8.683081e-05
1222,-8.6775195e-05
1223,-8.6722284e-05
1224,-8.667414e-05
1225,-8.662733e-05
1226,-8.6583925e-05
1227,-8.6542546e-05
1228,-8.650186e-05
1229,-8.6465225e-05
1230,-8.6428605e-05
1231,-8.639469e-05
1232,-8.636213e-05
1233,-8.6332286e-05
1234,-8.6301094e-05
1235,-8.6273285e-05
1236,-8.6246146e-05
1237,-8.62197e-05
1238,-8.619528e-05
1239,-8.617086e-05
1240,-8.614577e-05
1241,-8.6124746e-05
1242,-8.6102365e-05
1243,-8.608134e-05
1244,-5.5352102e-05
1245,-7.324188e-05
1246,-7.450683e-05
1247,-7.671457e-05
1248,-7.7668876e-05
1249,-7.849228e-05
1250,-7.906745e-05
1251,-7.9534766e-05
1252,-7.9908496e-05
1253,-8.022185e-05
1254,-8.048569e-05
1255,-8.071291e-05
1256,-8.0910286e-05
1257,-8.1084596e-05
1258,-8.1239916e-05
1259,-8.137896e-05
1260,-8.15024e-05
1261,-8.1616345e-05
1262,-8.172013e-05
1263,-8.181373e-05
1264,-8.190054e-05
1265,-8.198058e-05
1266,-8.20545e-05
1267,-8.212369e-05
1268,-8.218745e-05
1269,-8.2247134e-05
1270,-8.230478e-05
1271,-8.235633e-05
1272,-8.24072e-05
1273,-8.245333e-05
1274,-8.2496736e-05
1275,-8.254014e-05
1276,-8.25788e-05
1277,-8.261678e-05
1278,-8.2652055e-05
1279,-8.2686645e-05
1280,-8.27192e-05
1281,-8.274972e-05
1282,-8.277957e-05
1283,-8.2807375e-05
1284,-8.283451e-05
1285,-8.286028e-05
1286,-8.288537e-05
1287,-8.2909115e-05
1288,-8.2931496e-05
1289,-8.2953884e-05
1290,-8.297558e-05
1291,-8.299593e-05
1292,-8.3015606e-05
1293,-8.3035266e-05
1294,-8.305494e-05
1295,-8.307054e-05
1296,-8.308885e-05
1297,-8.310513e-05
1298,-8.3120736e-05
1299,-8.3137005e-05
1300,-8.315193e-05
1301,-8.316821e-05
1302,-8.3180414e-05
1303,-8.319466e-05
1304,-8.3207546e-05
1305,-8.322111e-05
1306,-8.3234e-05
1307,-0.00011395577
1308,-9.605853e-05
1309,-9.478544e-05
1310,-9.257228e-05
1311,-9.160983e-05
1312,-9.077964e-05
1313,-9.019904e-05
1314,-8.9726986e-05
1315,-8.9346475e-05
1316,-8.9029054e-05
1317,-8.8758425e-05
1318,-8.852646e-05
1319,-8.832366e-05
1320,-8.81446e-05
1321,-8.798453e-05
1322,-8.7841414e-05
1323,-8.771254e-05
1324,-8.759589e-05
1325,-8.7487366e-05
1326,-8.738902e-05
1327,-8.7299486e-05
1328,-8.721538e-05
1329,-8.713806e-05
1330,-8.706481e-05
1331,-8.699834e-05
1332,-8.6933906e-05
1333,-8.68749e-05
1334,-8.681928e-05
1335,-5.605681e-05
1336,-7.3916744e-05
1337,-7.515321e-05
1338,-7.7334495e-05
1339,-7.826507e-05
1340,-7.906609e-05
1341,-7.9617515e-05
1342,-8.0065845e-05
1343,-8.0419224e-05
1344,-8.071359e-05
1345,-8.096115e-05
1346,-8.117141e-05
1347,-8.135522e-05
1348,-8.151461e-05
1349,-8.1655686e-05
1350,-8.178185e-05
1351,-8.189444e-05
1352,-8.199414e-05
1353,-8.2086386e-05
1354,-8.217049e-05
1355,-8.224645e-05
1356,-8.231767e-05
1357,-8.238211e-05
1358,-8.244111e-05
1359,-8.249809e-05
1360,-8.254896e-05
1361,-8.259779e-05
1362,-8.2641876e-05
1363,-8.2685285e-05
1364,-8.2724626e-05
1365,-5.2053045e-05
1366,-6.9997084e-05
1367,-7.131562e-05
1368,-7.357219e-05
1369,-7.4575335e-05
1370,-7.5444186e-05
1371,-7.606276e-05
1372,-7.657146e-05
1373,-7.6985874e-05
1374,-7.733721e-05
1375,-7.763836e-05
1376,-7.79022e-05
1377,-7.813484e-05
1378,-7.834171e-05
1379,-7.8529585e-05
1380,-7.8699835e-05
1381,-7.8853795e-05
1382,-7.8996236e-05
1383,-7.912714e-05
1384,-7.92499e-05
1385,-7.936317e-05
1386,-7.946898e-05
1387,-0.00011027621
1388,-9.246172e-05
1389,-9.1263915e-05
1390,-8.9122645e-05
1391,-8.8227345e-05
1392,-8.7461594e-05
1393,-8.694136e-05
1394,-8.652559e-05
1395,-8.620003e-05
1396,-8.593279e-05
1397,-8.5713036e-05
1398,-8.552652e-05
1399,-8.536984e-05
1400,-8.5232154e-05
1401,-8.511414e-05
1402,-8.5011045e-05
1403,-8.491948e-05
1404,-8.483944e-05
1405,-8.476687e-05
1406,-8.470176e-05
1407,-8.46441e-05
1408,-8.459188e-05
1409,-8.45444e-05
1410,-8.450099e-05
1411,-8.446233e-05
1412,-8.4425024e-05
1413,-8.439314e-05
1414,-8.4362626e-05
1415,-8.433482e-05
1416,-8.430904e-05
1417,-8.428598e-05
1418,-0.00011497317
1419,-6.63338e-05
1420,-8.293964e-05
1421,-8.198262e-05
1422,-8.321704e-05
1423,-8.333439e-05
1424,-8.3571096e-05
1425,-8.3664694e-05
1426,-8.374744e-05
1427,-8.379628e-05
1428,-8.383426e-05
1429,-8.386139e-05
1430,-8.3881736e-05
1431,-8.389666e-05
1432,-8.3909545e-05
1433,-8.391769e-05
1434,-8.392447e-05
1435,-8.392922e-05
1436,-8.3933286e-05
1437,-8.393599e-05
1438,-8.393803e-05
1439,-8.3940075e-05
1440,-8.394142e-05
1441,-8.394142e-05
1442,-8.394278e-05
1443,-8.394278e-05
1444,-8.394142e-05
1445,-8.394278e-05
1446,-8.394142e-05
1447,-8.394142e-05
1448,-8.394142e-05
1449,-8.394142e-05
1450,-8.3940744e-05
1451,-8.3940075e-05
1452,-8.3940075e-05
1453,-8.393939e-05
1454,-8.3940075e-05
1455,-8.393803e-05
1456,-8.393735e-05
1457,-8.393735e-05
1458,-8.393735e-05
1459,-8.393735e-05
1460,-8.393599e-05
1461,-8.393599e-05
1462,-8.393532e-05
1463,-8.393465e-05
1464,-8.393465e-05
1465,-8.393465e-05
1466,-8.393465e-05
1467,-8.393465e-05
1468,-8.393396e-05
1469,-8.393396e-05
1470,-8.393465e-05
1471,-8.393396e-05
1472,-8.393465e-05
1473,-8.393396e-05
1474,-8.393465e-05
1475,-8.393396e-05
1476,-8.393465e-05
1477,-8.393396e-05
1478,-8.393465e-05
1479,-8.393396e-05
1480,-8.393465e-05
1481,-8.393465e-05
1482,-8.393465e-05
1483,-8.393465e-05
1484,-8.393465e-05
1485,-8.393532e-05
1486,-8.393465e-05
1487,-8.393599e-05
1488,-8.393599e-05
1489,-8.393599e-05
1490,-8.393599e-05
1491,-8.393668e-05
1492,-8.393735e-05
1493,-8.393668e-05
1494,-8.393735e-05
1495,-8.393735e-05
1496,-8.393735e-05
1497,-8.393735e-05
1498,-8.393803e-05
1499,-8.3938714e-05
1500,-8.3938714e-05
1501,-8.3940075e-05
1502,-8.3938714e-05
1503,-8.3940075e-05
1504,-8.3940075e-05
1505,-8.394142e-05
1506,-8.394142e-05
1507,-8.394142e-05
1508,-8.394142e-05
1509,-8.394142e-05
1510,-8.394278e-05
1511,-8.394278e-05
1512,-8.394278e-05
1513,-0.00011465371
1514,-9.6744254e-05
1515,-9.546099e-05
1516,-9.323698e-05
1517,-6.155343e-05
1518,-0.000109331406
1519,-6.14076e-05
1520,-7.9774196e-05
1521,-7.941607e-05
1522,-0.00011189115
1523,-6.3717074e-05
1524,-8.083364e-05
1525,-8.017844e-05
1526,-8.166383e-05
1527,-0.000112678616
1528,-6.445163e-05
1529,-8.129486e-05
1530,-8.054063e-05
1531,-8.193106e-05
1532,-8.217727e-05
1533,-8.2523184e-05
1534,-8.2707666e-05
1535,-8.286842e-05
1536,-8.298711e-05
1537,-8.308478e-05
1538,-8.3166175e-05
1539,-8.3233324e-05
1540,-8.3291656e-05
1541,-8.334116e-05
1542,-8.338593e-05
1543,-8.342391e-05
1544,-8.345851e-05
1545,-8.34897e-05
1546,-8.351548e-05
1547,-8.354057e-05
1548,-8.356364e-05
1549,-8.358466e-05
1550,-8.360297e-05
1551,-8.3621286e-05
1552,-8.3635525e-05
1553,-8.365045e-05
1554,-8.366537e-05
1555,-8.36769e-05
1556,-8.368979e-05
1557,-8.3700645e-05
1558,-8.371082e-05
1559,-8.372031e-05
1560,-8.373049e-05
1561,-8.373795e-05
1562,-0.000114455645
1563,-9.655366e-05
1564,-9.527786e-05
1565,-6.23497e-05
1566,-0.00011000017
1567,-9.254176e-05
1568,-9.2897164e-05
1569,-9.11676e-05
1570,-9.065009e-05
1571,-9.007764e-05
1572,-8.969578e-05
1573,-8.936614e-05
1574,-8.90962e-05
1575,-8.886288e-05
1576,-8.866211e-05
1577,-8.8484405e-05
1578,-8.832638e-05
1579,-8.81853e-05
1580,-8.8056426e-05
1581,-8.793909e-05
1582,-8.783192e-05
1583,-8.773493e-05
1584,-8.764337e-05
1585,-8.7557906e-05
1586,-8.7479224e-05
1587,-8.740598e-05
1588,-8.733747e-05
1589,-8.727168e-05
1590,-8.7209955e-05
1591,-8.715366e-05
1592,-8.709805e-05
1593,-8.7046494e-05
1594,-8.6997665e-05
1595,-8.6949505e-05
1596,-8.690474e-05
1597,-8.686337e-05
1598,-8.682132e-05
1599,-8.678265e-05
1600,-8.674467e-05
1601,-8.670872e-05
1602,-8.667414e-05
1603,-8.6642256e-05
1604,-8.660834e-05
1605,-8.6578504e-05
1606,-0.00011725822
1607,-9.9320285e-05
1608,-9.8007855e-05
1609,-9.575671e-05
1610,-9.475628e-05
1611,-6.318193e-05
1612,-8.047552e-05
1613,-8.1252125e-05
1614,-8.306647e-05
1615,-8.368708e-05
1616,-8.422969e-05
1617,-8.4555926e-05
1618,-8.480824e-05
1619,-8.498933e-05
1620,-8.512974e-05
1621,-8.5238935e-05
1622,-8.53244e-05
1623,-8.53929e-05
1624,-8.5449195e-05
1625,-8.549328e-05
1626,-8.553126e-05
1627,-8.556043e-05
1628,-8.5585525e-05
1629,-8.56052e-05
1630,-8.562215e-05
1631,-8.563504e-05
1632,-8.564454e-05
1633,-8.5654036e-05
1634,-8.566081e-05
1635,-8.566488e-05
1636,-8.566896e-05
1637,-8.5671665e-05
1638,-8.567234e-05
1639,-8.567234e-05
1640,-8.567234e-05
1641,-8.5671665e-05
1642,-5.4960743e-05
1643,-7.2868155e-05
1644,-7.415007e-05
1645,-7.637272e-05
1646,-7.734196e-05
1647,-7.817893e-05
1648,-7.87663e-05
1649,-7.9245154e-05
1650,-7.9631085e-05
1651,-7.995461e-05
1652,-8.022863e-05
1653,-8.046535e-05
1654,-8.0672886e-05
1655,-8.08567e-05
1656,-8.101948e-05
1657,-8.1165985e-05
1658,-8.1298924e-05
1659,-8.141898e-05
1660,-8.1528175e-05
1661,-8.163059e-05
1662,-8.1722836e-05
1663,-8.1808976e-05
1664,-8.188833e-05
1665,-8.1962266e-05
1666,-8.203212e-05
1667,-8.209791e-05
1668,-8.21576e-05
1669,-8.221526e-05
1670,-8.2269515e-05
1671,-8.232039e-05
1672,-8.236922e-05
1673,-8.241466e-05
1674,-8.245807e-05
1675,-8.249944e-05
1676,-8.253743e-05
1677,-8.257609e-05
1678,-8.2611354e-05
1679,-8.26446e-05
1680,-8.26785e-05
1681,-0.000113417234
1682,-9.553831e-05
1683,-9.428353e-05
1684,-9.208394e-05
1685,-9.1138434e-05
1686,-9.032182e-05
1687,-8.975614e-05
1688,-8.929696e-05
1689,-8.8929344e-05
1690,-8.862277e-05
1691,-8.836436e-05
1692,-8.814324e-05
1693,-8.794994e-05
1694,-8.778173e-05
1695,-8.763116e-05
1696,-8.7498214e-05
1697,-8.737817e-05
1698,-8.726897e-05
1699,-8.7170614e-05
1700,-8.707973e-05
1701,-8.6996304e-05
1702,-8.691967e-05
1703,-8.684845e-05
1704,-8.678334e-05
1705,-8.6721615e-05
1706,-8.666531e-05
1707,-8.661106e-05
1708,-8.6561544e-05
1709,-8.6514745e-05
1710,-8.6469976e-05
1711,-8.642792e-05
1712,-8.6389264e-05
1713,-8.635196e-05
1714,-8.631602e-05
1715,-0.00033195657
1716,-0.00018865523
1717,-0.00017834907
1718,8.5154825e-05
1719,-0.00029597356
1720,-0.00015622763
1721,-0.00015899968
1722,-0.00014509467
1723,-0.00014089353
1724,-0.0001362461
1725,-0.00013313358
1726,-0.00013042799
1727,-0.00012821755
1728,-0.0001263035
1729,-0.00012464312
1730,-0.000123174
1731,-0.00012186428
1732,-0.00012068547
1733,0.00015676685
1734,-0.00027981674
1735,-0.00012930276
1736,-0.00013693997
1737,-0.00012490898
1738,-0.00012300308
1739,-0.000120085206
1740,-0.00011849605
1741,0.0001593171
1742,-0.00030784582
1743,-0.00013935933
1744,0.00016138173
1745,-3.4781158e-06
1746,-1.3498046e-05
1747,-0.00033914682
1748,-0.0001676848
1749,0.0001456807
1750,-1.5641348e-05
1751,-0.00032946738
1752,-0.00016708793
1753,-0.0001604437
1754,0.00019404605
1755,3.075908e-06
1756,-5.664147e-06
1757,-2.6619658e-05
1758,-3.4480014e-05
1759,-4.150407e-05
1760,-4.615829e-05
1761,-4.992941e-05
1762,-5.289273e-05
1763,-5.5348704e-05
1764,-5.7404515e-05
1765,-5.916324e-05
1766,-6.0684575e-05
1767,-9.2726244e-05
1768,-7.599697e-05
1769,-7.5763644e-05
1770,-7.4482414e-05
1771,-7.436304e-05
1772,-7.4297925e-05
1773,-7.4415264e-05
1774,-7.4582116e-05
1775,-7.479102e-05
1776,-7.501621e-05
1777,-7.52502e-05
1778,-7.5487595e-05
1779,-7.571956e-05
1780,-7.594949e-05
1781,-7.61706e-05
1782,-7.638697e-05
1783,-7.659316e-05
1784,-7.6794604e-05
1785,-7.698723e-05
1786,-7.717172e-05
1787,-7.734942e-05
1788,-7.752034e-05
1789,-7.76838e-05
1790,-7.7841156e-05
1791,-7.7993085e-05
1792,-7.813756e-05
1793,-7.827795e-05
1794,-7.841157e-05
1795,-7.854044e-05
1796,-7.8663885e-05
1797,-7.878326e-05
1798,-7.889856e-05
1799,-7.901048e-05
1800,-7.911628e-05
1801,-7.922006e-05
1802,-7.9319085e-05
1803,-7.941607e-05
1804,-7.950764e-05
1805,-7.959785e-05
1806,-7.968331e-05
1807,-7.976877e-05
1808,-7.984948e-05
1809,-7.992952e-05
1810,-8.000481e-05
1811,-8.007873e-05
1812,-8.015063e-05
1813,-8.0219135e-05
1814,-8.0286285e-05
1815,-8.0352074e-05
1816,-8.041516e-05
1817,-8.047688e-05
1818,-8.053792e-05
1819,-8.059625e-05
1820,-8.065254e-05
1821,-0.00011141637
1822,-6.285161e-05
1823,-7.9529345e-05
1824,-7.863879e-05
1825,-7.994037e-05
1826,-8.0120786e-05
1827,-8.041855e-05
1828,-8.057115e-05
1829,-8.071087e-05
1830,-8.081533e-05
1831,-8.0907565e-05
1832,-8.098557e-05
1833,-8.105679e-05
1834,-8.1121216e-05
1835,-8.117887e-05
1836,-8.123381e-05
1837,-8.128468e-05
1838,-8.13342e-05
1839,-8.137896e-05
1840,-8.142373e-05
1841,-8.1464415e-05
1842,-8.1505794e-05
1843,-8.154513e-05
1844,-8.158176e-05
1845,-8.1617705e-05
1846,-8.165298e-05
1847,-8.1686216e-05
1848,-8.172013e-05
1849,-8.1752005e-05
1850,-8.17832e-05
1851,-8.181373e-05
1852,-8.184425e-05
1853,-8.187409e-05
1854,-8.19019e-05
1855,-8.1929706e-05
1856,-0.00011266708
1857,-9.478409e-05
1858,-9.352523e-05
1859,-9.132564e-05
1860,-9.037811e-05
1861,-8.956148e-05
1862,-8.899513e-05
1863,-8.85346e-05
1864,-8.816902e-05
1865,-8.7863125e-05
1866,-8.7608096e-05
1867,-8.738699e-05
1868,-8.7195716e-05
1869,-8.702954e-05
1870,-8.688168e-05
1871,-8.675145e-05
1872,-8.663344e-05
1873,-8.6528984e-05
1874,-8.643267e-05
1875,-8.634518e-05
1876,-8.626718e-05
1877,-8.6193926e-05
1878,-8.612745e-05
1879,-8.606573e-05
1880,-8.6008076e-05
1881,-8.595653e-05
1882,-8.590702e-05
1883,-8.5861575e-05
1884,-8.581953e-05
1885,-8.5780186e-05
1886,-8.5742206e-05
1887,-8.570761e-05
1888,-8.56737e-05
1889,-8.564386e-05
1890,-8.561537e-05
1891,-8.5586886e-05
1892,-8.556178e-05
1893,-8.553805e-05
1894,-8.5514985e-05
1895,-8.549328e-05
1896,-8.547226e-05
1897,-8.545462e-05
1898,-8.543563e-05
1899,-8.5417996e-05
1900,-8.540104e-05
1901,-8.5385436e-05
1902,-8.537051e-05
1903,-8.5356274e-05
1904,-8.534271e-05
1905,-8.5329826e-05
1906,-8.5318294e-05
1907,-8.530541e-05
1908,-8.529455e-05
1909,-8.528438e-05
1910,-8.527353e-05
1911,-8.526335e-05
1912,-8.525454e-05
1913,-8.524504e-05
1914,-8.52369e-05
1915,-8.522808e-05
1916,-8.522062e-05
1917,-8.521316e-05
1918,-8.520502e-05
1919,-8.519892e-05
1920,-8.519282e-05
1921,-8.518671e-05
1922,-5.447036e-05
1923,-0.00010308327
1924,-5.574413e-05
1925,-7.4587544e-05
1926,-7.461535e-05
1927,-7.670236e-05
1928,-7.7420635e-05
1929,-7.815044e-05
1930,-7.864218e-05
1931,-7.905931e-05
1932,-7.939641e-05
1933,-7.968399e-05
1934,-7.992816e-05
1935,-8.0143174e-05
1936,-8.033172e-05
1937,-8.0499936e-05
1938,-8.064983e-05
1939,-8.078684e-05
1940,-8.091164e-05
1941,-8.1024235e-05
1942,-8.112868e-05
1943,-8.1226346e-05
1944,-8.131452e-05
1945,-8.1396596e-05
1946,-8.147527e-05
1947,-8.154785e-05
1948,-8.1616345e-05
1949,-8.1680104e-05
1950,-8.174115e-05
1951,-8.179812e-05
1952,-8.1853745e-05
1953,-8.190461e-05
1954,-8.195345e-05
1955,-8.200092e-05
1956,-8.204501e-05
1957,-8.208774e-05
1958,-8.2128434e-05
1959,-8.21671e-05
1960,-8.220576e-05
1961,-8.2241706e-05
1962,-8.227562e-05
1963,-8.2308856e-05
1964,-8.234141e-05
1965,-8.2372615e-05
1966,-8.2402454e-05
1967,-8.243094e-05
1968,-8.2458755e-05
1969,-8.24852e-05
1970,-8.251165e-05
1971,-8.2536746e-05
1972,-8.2561164e-05
1973,-8.2584906e-05
1974,-8.260865e-05
1975,-8.2629675e-05
1976,-8.2652055e-05
1977,-8.267308e-05
1978,-8.269274e-05
1979,-8.271378e-05
1980,-8.2733444e-05
1981,-8.275312e-05
1982,-0.00011348032
1983,-9.558986e-05
1984,-9.432354e-05
1985,-9.211513e-05
1986,-9.1158785e-05
1987,-9.033402e-05
1988,-8.975886e-05
1989,-8.9291534e-05
1990,-8.891714e-05
1991,-8.8603105e-05
1992,-8.833994e-05
1993,-8.811137e-05
1994,-8.791535e-05
1995,-8.7739005e-05
1996,-8.7585715e-05
1997,-8.744735e-05
1998,-8.732323e-05
1999,-8.7209955e-05
2000,-8.7108216e-05
2001,-5.63037e-05
2002,-7.4127005e-05
2003,-7.5332275e-05
2004,-7.748236e-05
2005,-7.838851e-05
2006,-7.9165795e-05
2007,-7.9696874e-05
2008,-8.0124184e-05
2009,-8.046263e-05
2010,-8.074207e-05
2011,-8.0974714e-05
2012,-8.117277e-05
2013,-8.134369e-05
2014,-8.1493585e-05
2015,-8.162517e-05
2016,-8.174251e-05
2017,-8.184628e-05
2018,-8.1940554e-05
2019,-8.202602e-05
2020,-8.210198e-05
2021,-8.217388e-05
2022,-5.1530104e-05
2023,-6.9498565e-05
2024,-7.083812e-05
2025,-7.311504e-05
2026,-7.41365e-05
2027,-7.502299e-05
2028,-7.565581e-05
2029,-7.6178745e-05
2030,-7.660604e-05
2031,-7.696959e-05
2032,-7.728159e-05
2033,-7.755561e-05
2034,-7.779775e-05
2035,-7.8013436e-05
2036,-7.820877e-05
2037,-7.838512e-05
2038,-4.7838337e-05
2039,-6.5897e-05
2040,-6.731864e-05
2041,-6.96722e-05
2042,-7.076352e-05
2043,-7.171647e-05
2044,-7.241237e-05
2045,-7.299364e-05
2046,-7.3476556e-05
2047,-7.389165e-05
2048,-7.425384e-05
2049,-7.457398e-05
2050,-7.486089e-05
2051,-7.512065e-05
2052,-7.5356016e-05
2053,-7.557441e-05
2054,-7.577314e-05
2055,-7.595763e-05
2056,-7.6130586e-05
2057,-7.629066e-05
2058,-7.6442586e-05
2059,-7.658434e-05
2060,-7.6718636e-05
2061,-7.684615e-05
2062,-0.000107675085
2063,-8.988162e-05
2064,-8.870552e-05
2065,-8.658596e-05
2066,-8.571033e-05
2067,-8.4964915e-05
2068,-8.446504e-05
2069,-8.4069616e-05
2070,-8.376304e-05
2071,-8.3516155e-05
2072,-8.331471e-05
2073,-8.3147184e-05
2074,-5.2299252e-05
2075,-0.000100798214
2076,-8.407436e-05
2077,-8.4928295e-05
2078,-8.360365e-05
2079,-8.340628e-05
2080,-8.3100385e-05
2081,-8.294439e-05
2082,-8.280805e-05
2083,-8.271106e-05
2084,-8.2629675e-05
2085,-8.256388e-05
2086,-8.250962e-05
2087,-8.246485e-05
2088,-8.242552e-05
2089,-8.239296e-05
2090,-8.236515e-05
2091,-8.234073e-05
2092,-8.232039e-05
2093,-8.230343e-05
2094,-8.228783e-05
2095,-8.227494e-05
2096,-8.226409e-05
2097,-8.2253915e-05
2098,-8.224645e-05
2099,-8.2239676e-05
2100,-8.223425e-05
2101,-8.22295e-05
2102,-8.222678e-05
2103,-8.2222716e-05
2104,-8.2221355e-05
2105,-8.2221355e-05
2106,-8.222e-05
2107,-8.222e-05
2108,-8.222e-05
2109,-8.2221355e-05
2110,-8.2222716e-05
2111,-8.222475e-05
2112,-8.222678e-05
2113,-8.22295e-05
2114,-8.223221e-05
2115,-8.2234925e-05
2116,-8.2238315e-05
2117,-8.224238e-05
2118,-8.224645e-05
2119,-8.224984e-05
2120,-8.225324e-05
2121,-8.225799e-05
2122,-8.226341e-05
2123,-8.22668e-05
2124,-8.227155e-05
2125,-8.227562e-05
2126,-8.228036e-05
2127,-8.228579e-05
2128,-8.229054e-05
2129,-8.2295286e-05
2130,-8.2300714e-05
2131,-8.230682e-05
2132,-8.231089e-05
2133,-8.231564e-05
2134,-8.232174e-05
2135,-5.16176e-05
2136,-6.953112e-05
2137,-7.082049e-05
2138,-7.305129e-05
2139,-7.403069e-05
2140,-7.487648e-05
2141,-7.5471995e-05
2142,-7.59617e-05
2143,-7.6356446e-05
2144,-7.6689474e-05
2145,-7.697298e-05
2146,-0.0001079308
2147,-9.023907e-05
2148,-8.914775e-05
2149,-8.709533e-05
2150,-8.627803e-05
2151,-8.558146e-05
2152,-8.5121595e-05
2153,-8.475737e-05
2154,-8.447928e-05
2155,-8.4254105e-05
2156,-8.407233e-05
2157,-8.3919724e-05
2158,-8.379221e-05
2159,-8.3683684e-05
2160,-8.359076e-05
2161,-8.3510735e-05
2162,-8.3440864e-05
2163,-8.33805e-05
2164,-8.3324885e-05
2165,-8.327673e-05
2166,-8.3234e-05
2167,-8.319602e-05
2168,-8.3162784e-05
2169,-8.313226e-05
2170,-8.3103776e-05
2171,-8.3080035e-05
2172,-8.305629e-05
2173,-0.00011374551
2174,-9.581843e-05
2175,-9.451685e-05
2176,-9.227588e-05
2177,-9.128902e-05
2178,-9.0434405e-05
2179,-8.9832785e-05
2180,-8.933833e-05
2181,-8.893884e-05
2182,-8.860175e-05
2183,-8.8313485e-05
2184,-8.806457e-05
2185,-8.784549e-05
2186,-8.7651504e-05
2187,-8.7477194e-05
2188,-8.732051e-05
2189,-8.7176726e-05
2190,-8.7047854e-05
2191,-8.692848e-05
2192,-8.68186e-05
2193,-8.671754e-05
2194,-8.662258e-05
2195,-8.6533735e-05
2196,-8.645234e-05
2197,-8.63757e-05
2198,-8.6303124e-05
2199,-8.623462e-05
2200,-8.617086e-05
2201,-5.540093e-05
2202,-7.325206e-05
2203,-7.448174e-05
2204,-7.665556e-05
2205,-7.7579345e-05
2206,-7.837359e-05
2207,-7.8918914e-05
2208,-7.93591e-05
2209,-7.970841e-05
2210,-7.9996666e-05
2211,-8.0238126e-05
2212,-8.044431e-05
2213,-8.062202e-05
2214,-8.077667e-05
2215,-8.091164e-05
2216,-8.1033046e-05
2217,-8.113954e-05
2218,-8.12372e-05
2219,-8.13247e-05
2220,-8.1404054e-05
2221,-8.147595e-05
2222,-8.154242e-05
2223,-8.160278e-05
2224,-8.166044e-05
2225,-8.171198e-05
2226,-8.175946e-05
2227,-8.180355e-05
2228,-8.18456e-05
2229,-8.188562e-05
2230,-5.1212002e-05
2231,-6.9155365e-05
2232,-7.047186e-05
2233,-7.272708e-05
2234,-7.372954e-05
2235,-7.4597716e-05
2236,-7.5214935e-05
